<?xml version="1.0" encoding="UTF-8"?>
<project-private xmlns="http://www.netbeans.org/ns/project-private/1">
    <editor-bookmarks xmlns="http://www.netbeans.org/ns/editor-bookmarks/2" lastBookmarkId="0"/>
    <open-files xmlns="http://www.netbeans.org/ns/projectui-open-files/2">
        <group>
            <file>file:/C:/Xamp/htdocs/Aula09_ProjetoLivro/index.php</file>
            <file>file:/C:/Xamp/htdocs/Aula09_ProjetoLivro/Publicacao.php</file>
            <file>file:/C:/Xamp/htdocs/Aula09_ProjetoLivro/Pessoa.php</file>
            <file>file:/C:/Xamp/htdocs/Aula09_ProjetoLivro/Livro.php</file>
        </group>
    </open-files>
</project-private>
